,TF,Target
0,5,495
1,5,86
2,5,424
3,450,509
4,439,564
5,439,745
6,439,755
7,439,86
8,439,320
9,293,729
10,293,778
11,293,616
12,418,778
13,669,301
14,564,495
15,319,98
16,319,353
17,198,745
18,198,809
19,198,654
20,198,18
21,198,136
22,198,712
23,198,495
24,198,755
25,198,320
26,198,301
27,139,577
28,259,729
29,259,712
30,259,301
31,794,348
32,794,712
33,641,198
34,641,299
35,641,144
36,641,253
37,641,374
38,641,353
39,641,478
40,641,777
41,641,143
42,641,320
43,641,301
44,503,98
45,460,729
46,199,798
47,199,203
48,277,641
49,277,203
50,277,353
51,277,348
52,287,301
53,203,287
54,745,641
55,745,553
56,745,353
57,745,712
58,745,761
59,745,544
60,745,169
61,745,301
62,809,745
63,605,745
64,605,778
65,605,693
66,350,729
67,350,353
68,350,497
69,350,322
70,350,83
71,350,59
72,525,198
73,525,712
74,98,675
75,14,729
76,14,402
77,14,777
78,14,290
79,14,320
80,765,374
81,353,751
82,353,39
83,353,299
84,353,745
85,353,374
86,353,646
87,353,761
88,353,495
89,353,544
90,353,430
91,353,137
92,353,59
93,353,320
94,353,301
95,417,769
96,333,78
97,606,729
98,76,333
99,311,441
100,529,641
101,777,641
102,348,301
103,660,109
104,411,63
105,577,729
106,577,745
107,577,765
108,774,333
109,774,497
110,343,497
111,15,497
112,761,562
113,761,745
114,761,616
115,761,348
116,761,92
117,761,712
118,761,495
119,761,790
120,761,735
121,761,434
122,761,87
123,505,98
124,495,702
125,495,805
126,495,637
127,495,703
128,495,729
129,495,564
130,495,139
131,495,39
132,495,299
133,495,718
134,495,503
135,495,745
136,495,654
137,495,225
138,495,799
139,495,374
140,495,765
141,495,42
142,495,777
143,495,497
144,495,453
145,495,755
146,495,430
147,495,137
148,495,451
149,495,557
150,495,603
151,495,666
152,495,424
153,495,320
154,495,432
155,495,301
156,497,495
157,453,495
158,544,497
159,544,330
160,509,495
161,509,86
162,200,301
163,755,678
164,755,340
165,755,641
166,755,513
167,322,727
168,322,152
169,322,37
170,393,729
171,393,745
172,393,78
173,393,283
174,557,805
175,557,287
176,557,374
177,557,320
178,557,432
179,86,702
180,86,805
181,86,259
182,86,745
183,86,654
184,86,765
185,86,495
186,86,451
187,86,666
188,86,320
189,86,432
190,86,301
191,441,564
192,142,675
193,142,301
194,769,729
195,769,142
196,43,729
197,43,401
198,43,98
199,43,253
200,43,353
201,43,142
202,268,729
203,268,577
204,268,497
205,83,176
206,83,669
207,83,678
208,83,751
209,83,729
210,83,564
211,83,459
212,83,223
213,83,259
214,83,641
215,83,745
216,83,303
217,83,353
218,83,130
219,83,362
220,83,589
221,83,529
222,83,92
223,83,116
224,83,263
225,83,509
226,83,430
227,83,142
228,83,666
229,83,320
230,83,432
231,83,675
232,83,456
233,83,363
234,603,562
235,603,402
236,603,641
237,603,14
238,603,348
239,603,712
240,603,301
241,397,702
242,397,641
243,397,745
244,397,525
245,397,333
246,397,712
247,397,86
248,397,320
249,397,301
250,26,641
251,26,774
252,26,320
253,191,301
254,244,98
255,627,729
256,627,301
257,766,564
258,766,109
259,238,419
260,301,313
261,301,29
262,301,729
263,301,692
264,301,718
265,301,641
266,301,745
267,301,251
268,301,708
269,301,98
270,301,529
271,301,616
272,301,348
273,301,712
274,301,495
275,301,544
276,301,200
277,301,727
278,301,86
279,301,441
280,301,210
281,301,675
282,301,333
283,286,441
284,286,397
285,295,348
286,576,761
287,309,712
288,309,59
289,330,139
290,330,59
291,316,765
292,201,135
293,502,741
294,585,729
295,612,495
296,584,287
297,90,745
298,176,700
299,176,510
300,176,90
301,176,349
302,176,515
303,176,439
304,176,313
305,176,492
306,176,60
307,176,85
308,176,678
309,176,127
310,176,29
311,176,245
312,176,285
313,176,785
314,176,188
315,176,659
316,176,124
317,176,803
318,176,226
319,176,692
320,176,574
321,176,758
322,176,641
323,176,503
324,176,460
325,176,683
326,176,300
327,176,287
328,176,811
329,176,381
330,176,297
331,176,48
332,176,360
333,176,303
334,176,145
335,176,640
336,176,332
337,176,130
338,176,474
339,176,333
340,176,491
341,176,689
342,176,92
343,176,343
344,176,495
345,176,119
346,176,446
347,176,544
348,176,755
349,176,154
350,176,221
351,176,625
352,176,260
353,176,557
354,176,86
355,176,613
356,176,488
357,176,142
358,176,131
359,176,508
360,176,530
361,176,83
362,176,184
363,176,603
364,176,471
365,176,722
366,176,320
367,176,795
368,176,304
369,176,160
370,176,318
371,176,720
372,176,11
373,176,502
374,176,466
375,176,104
376,176,531
377,176,419
378,176,181
379,349,176
380,5,350
381,5,727
382,5,256
383,270,659
384,270,350
385,270,268
386,270,496
387,270,650
388,270,749
389,270,684
390,270,592
391,270,436
392,469,268
393,469,397
394,132,300
395,132,631
396,439,702
397,439,198
398,439,809
399,439,529
400,439,777
401,439,717
402,439,727
403,439,399
404,313,287
405,313,350
406,313,353
407,313,42
408,313,606
409,313,761
410,313,268
411,313,603
412,313,301
413,293,702
414,293,198
415,293,745
416,293,809
417,293,353
418,293,529
419,293,717
420,293,727
421,293,399
422,418,777
423,669,458
424,669,2
425,669,217
426,669,60
427,669,536
428,669,85
429,669,741
430,669,511
431,669,503
432,669,654
433,669,764
434,669,420
435,669,607
436,669,87
437,669,560
438,669,759
439,669,333
440,669,167
441,669,4
442,669,55
443,669,464
444,669,685
445,669,757
446,669,185
447,669,12
448,669,312
449,669,434
450,669,327
451,669,341
452,669,155
453,669,160
454,669,612
455,669,156
456,189,42
457,211,508
458,678,350
459,678,397
460,543,613
461,543,249
462,543,10
463,543,740
464,543,664
465,56,610
466,29,610
467,29,612
468,245,441
469,245,275
470,328,441
471,215,759
472,215,441
473,215,238
474,796,538
475,796,645
476,564,458
477,564,172
478,564,700
479,564,90
480,564,515
481,564,313
482,564,54
483,564,678
484,564,604
485,564,601
486,564,787
487,564,751
488,564,443
489,564,729
490,564,226
491,564,196
492,564,389
493,564,503
494,564,109
495,564,673
496,564,413
497,564,631
498,564,48
499,564,145
500,564,778
501,564,98
502,564,253
503,564,387
504,564,463
505,564,206
506,564,333
507,564,487
508,564,777
509,564,348
510,564,136
511,564,730
512,564,643
513,564,337
514,564,577
515,564,263
516,564,774
517,564,699
518,564,267
519,564,505
520,564,518
521,564,571
522,564,755
523,564,735
524,564,380
525,564,697
526,564,488
527,564,121
528,564,441
529,564,161
530,564,210
531,564,320
532,564,675
533,564,456
534,564,160
535,564,318
536,564,466
537,564,419
538,476,509
539,47,631
540,319,300
541,319,263
542,319,244
543,659,270
544,659,811
545,659,263
546,659,393
547,659,268
548,659,650
549,659,749
550,402,300
551,402,603
552,302,6
553,302,291
554,302,610
555,6,302
556,6,610
557,291,302
558,291,610
559,610,56
560,610,29
561,610,302
562,610,6
563,610,291
564,610,163
565,648,139
566,648,479
567,459,253
568,459,353
569,741,702
570,741,198
571,741,745
572,741,809
573,741,529
574,741,717
575,741,577
576,741,727
577,741,399
578,198,2
579,198,439
580,198,293
581,198,729
582,198,741
583,198,139
584,198,144
585,198,277
586,198,716
587,198,525
588,198,725
589,198,577
590,198,779
591,198,774
592,198,761
593,198,391
594,198,260
595,198,393
596,198,86
597,198,373
598,198,275
599,198,769
600,198,43
601,198,603
602,198,397
603,198,26
604,198,210
605,198,456
606,657,745
607,657,350
608,657,759
609,657,393
610,657,441
611,657,210
612,80,801
613,80,58
614,80,702
615,80,489
616,80,193
617,80,334
618,80,439
619,80,377
620,80,522
621,80,85
622,80,127
623,80,604
624,80,662
625,80,619
626,80,570
627,80,615
628,80,564
629,80,721
630,80,405
631,80,706
632,80,707
633,80,435
634,80,340
635,80,266
636,80,366
637,80,299
638,80,594
639,80,804
640,80,205
641,80,548
642,80,259
643,80,776
644,80,641
645,80,21
646,80,250
647,80,352
648,80,277
649,80,698
650,80,798
651,80,45
652,80,802
653,80,465
654,80,23
655,80,412
656,80,180
657,80,553
658,80,394
659,80,350
660,80,360
661,80,624
662,80,257
663,80,345
664,80,772
665,80,32
666,80,197
667,80,725
668,80,589
669,314,318
670,80,717
671,80,348
672,80,596
673,80,84
674,80,305
675,80,164
676,80,138
677,80,732
678,80,763
679,80,505
680,80,497
681,80,135
682,80,103
683,80,544
684,80,518
685,80,200
686,80,221
687,80,237
688,80,551
689,80,464
690,80,151
691,80,790
692,80,380
693,80,40
694,80,580
695,80,233
696,80,609
697,80,532
698,80,452
699,80,523
700,80,613
701,80,229
702,80,539
703,80,808
704,80,241
705,80,506
706,80,149
707,80,691
708,80,736
709,80,10
710,80,274
711,80,321
712,80,358
713,80,222
714,80,740
715,80,421
716,80,384
717,80,258
718,80,486
719,80,118
720,80,566
721,80,65
722,80,597
723,80,361
724,80,496
725,80,650
726,80,645
727,80,46
728,80,434
729,80,479
730,80,26
731,80,261
732,80,134
733,80,157
734,80,679
735,80,440
736,80,627
737,80,327
738,80,341
739,80,155
740,80,238
741,80,301
742,80,304
743,80,160
744,80,576
745,80,33
746,80,318
747,80,96
748,80,720
749,80,533
750,80,309
751,80,457
752,80,355
753,80,419
754,80,156
755,139,785
756,139,648
757,139,198
758,139,79
759,139,353
760,139,777
761,139,28
762,139,97
763,139,212
764,139,580
765,139,820
766,139,105
767,139,233
768,139,493
769,139,86
770,139,268
771,139,3
772,139,210
773,139,160
774,594,86
775,389,745
776,205,494
777,598,301
778,548,103
779,548,769
780,548,43
781,548,268
782,647,727
783,647,86
784,91,479
785,259,794
786,259,287
787,259,631
788,259,350
789,259,171
790,259,561
791,259,71
792,259,616
793,259,509
794,259,727
795,259,86
796,259,238
797,259,160
798,794,259
799,794,484
800,794,460
801,794,287
802,794,631
803,242,268
804,762,732
805,762,720
806,641,510
807,641,90
808,641,702
809,641,235
810,641,524
811,641,658
812,641,678
813,641,234
814,641,245
815,641,215
816,641,124
817,641,226
818,641,302
819,641,77
820,641,484
821,641,375
822,641,809
823,641,764
824,641,187
825,641,303
826,641,640
827,641,307
828,641,538
829,641,606
830,641,483
831,641,689
832,641,279
833,641,544
834,641,232
835,641,260
836,641,752
837,641,557
838,641,535
839,641,441
840,641,724
841,641,142
842,641,508
843,641,83
844,641,3
845,641,456
846,641,318
847,641,309
848,641,181
849,641,156
850,503,90
851,503,334
852,503,235
853,503,524
854,503,526
855,503,658
856,503,215
857,503,564
858,503,124
859,503,226
860,503,77
861,503,641
862,503,484
863,503,809
864,503,764
865,503,303
866,503,640
867,503,307
868,503,538
869,503,689
870,503,136
871,503,730
872,503,643
873,503,337
874,503,82
875,503,279
876,503,774
877,503,544
878,503,509
879,503,752
880,503,535
881,503,441
882,503,142
883,503,261
884,503,320
885,503,301
886,503,160
887,503,318
888,503,502
889,484,794
890,460,794
891,460,631
892,460,774
893,158,371
894,158,148
895,158,25
896,158,141
897,158,613
898,158,112
899,158,249
900,158,75
901,158,573
902,158,485
903,158,736
904,158,108
905,158,10
906,158,351
907,158,358
908,158,583
909,158,740
910,158,664
911,158,22
912,308,713
913,277,198
914,277,725
915,277,529
916,277,717
917,277,268
918,277,496
919,277,749
920,277,153
921,300,132
922,300,319
923,300,402
924,300,725
925,300,192
926,300,755
927,300,782
928,300,578
929,300,286
930,300,204
931,300,166
932,287,584
933,287,313
934,287,259
935,287,794
936,287,631
937,287,350
938,287,777
939,287,171
940,287,561
941,287,71
942,287,616
943,287,727
944,287,240
945,287,455
946,287,752
947,287,322
948,287,157
949,203,564
950,203,441
951,745,90
952,745,611
953,745,469
954,745,293
955,745,669
956,809,611
957,809,669
958,809,678
959,745,536
960,809,511
961,809,300
962,809,203
963,809,465
964,809,350
965,745,678
966,809,778
967,809,353
968,809,42
969,809,362
970,809,167
971,809,777
972,809,495
973,809,55
974,809,464
975,809,752
976,809,86
977,809,185
978,809,323
979,809,496
980,809,244
981,809,160
982,809,330
983,809,612
984,809,156
985,745,787
986,745,653
987,745,785
988,745,226
989,745,657
990,745,389
991,745,718
992,745,511
993,745,300
994,745,203
995,745,465
996,745,605
997,745,401
998,745,778
999,745,799
1000,745,374
1001,745,42
1002,802,777
1003,745,390
1004,745,589
1005,745,167
1006,745,529
1007,745,777
1008,745,717
1009,745,279
1010,745,55
1011,745,464
1012,745,752
1013,745,738
1014,745,185
1015,745,373
1016,745,597
1017,745,323
1018,745,268
1019,745,508
1020,745,496
1021,745,317
1022,745,603
1023,745,397
1024,745,244
1025,745,666
1026,745,424
1027,745,320
1028,745,160
1029,745,330
1030,745,612
1031,745,156
1032,811,659
1033,811,350
1034,811,24
1035,811,263
1036,811,455
1037,811,752
1038,329,716
1039,329,174
1040,329,728
1041,329,782
1042,329,816
1043,329,652
1044,329,551
1045,329,586
1046,329,464
1047,329,567
1048,329,151
1049,329,228
1050,329,672
1051,329,191
1052,716,198
1053,716,329
1054,716,174
1055,716,782
1056,716,816
1057,716,652
1058,716,551
1059,716,586
1060,716,464
1061,716,567
1062,716,151
1063,716,228
1064,716,672
1065,716,191
1066,716,330
1067,494,205
1068,494,770
1069,494,281
1070,494,44
1071,174,329
1072,174,716
1073,174,200
1074,174,782
1075,174,816
1076,174,652
1077,174,551
1078,174,586
1079,174,464
1080,174,567
1081,174,151
1082,174,228
1083,174,179
1084,174,645
1085,174,667
1086,174,0
1087,174,184
1088,174,146
1089,174,273
1090,174,134
1091,174,672
1092,174,191
1093,174,247
1094,174,587
1095,174,265
1096,174,713
1097,605,43
1098,359,775
1099,359,397
1100,187,441
1101,775,686
1102,775,359
1103,775,283
1104,350,5
1105,350,270
1106,350,313
1107,350,678
1108,350,657
1109,350,259
1110,350,287
1111,350,745
1112,350,809
1113,350,811
1114,350,412
1115,350,631
1116,350,360
1117,350,739
1118,350,606
1119,350,24
1120,350,263
1121,350,495
1122,350,540
1123,350,625
1124,350,399
1125,350,455
1126,350,752
1127,350,393
1128,350,86
1129,350,441
1130,350,470
1131,350,43
1132,350,268
1133,350,210
1134,350,301
1135,350,318
1136,350,502
1137,401,745
1138,401,353
1139,525,2
1140,525,678
1141,525,729
1142,525,62
1143,525,144
1144,525,347
1145,525,18
1146,525,777
1147,525,136
1148,525,774
1149,525,391
1150,525,430
1151,525,397
1152,525,95
1153,525,587
1154,525,265
1155,525,320
1156,525,456
1157,525,301
1158,525,256
1159,79,139
1160,79,171
1161,79,561
1162,79,71
1163,79,616
1164,79,727
1165,640,166
1166,607,18
1167,98,729
1168,98,399
1169,98,275
1170,98,244
1171,98,301
1172,253,459
1173,253,244
1174,728,329
1175,728,727
1176,14,554
1177,14,536
1178,14,319
1179,14,803
1180,14,366
1181,14,277
1182,14,802
1183,14,559
1184,14,553
1185,14,115
1186,14,345
1187,14,32
1188,14,765
1189,14,618
1190,14,357
1191,14,411
1192,14,240
1193,14,40
1194,14,451
1195,14,485
1196,14,65
1197,14,603
1198,14,397
1199,14,95
1200,14,34
1201,14,163
1202,14,104
1203,14,156
1204,32,554
1205,32,536
1206,32,47
1207,32,319
1208,32,803
1209,32,366
1210,32,109
1211,32,811
1212,32,559
1213,32,553
1214,32,115
1215,32,14
1216,32,765
1217,32,618
1218,32,357
1219,32,411
1220,32,290
1221,32,40
1222,32,105
1223,32,451
1224,32,590
1225,32,603
1226,32,163
1227,765,554
1228,765,559
1229,765,553
1230,765,14
1231,765,32
1232,765,618
1233,765,290
1234,765,557
1235,765,275
1236,765,603
1237,765,26
1238,618,554
1239,618,787
1240,618,653
1241,618,559
1242,618,553
1243,618,374
1244,618,14
1245,618,32
1246,618,765
1247,618,290
1248,618,603
1249,618,320
1250,618,160
1251,353,702
1252,353,611
1253,353,469
1254,353,313
1255,353,293
1256,353,526
1257,353,669
1258,42,611
1259,42,313
1260,42,669
1261,42,189
1262,42,678
1263,353,536
1264,42,511
1265,42,300
1266,42,203
1267,42,745
1268,42,809
1269,42,465
1270,353,678
1271,42,778
1272,42,167
1273,42,777
1274,42,55
1275,42,464
1276,42,752
1277,42,185
1278,42,323
1279,42,496
1280,42,244
1281,353,29
1282,42,160
1283,42,330
1284,42,612
1285,42,156
1286,353,787
1287,353,653
1288,353,226
1289,353,459
1290,353,139
1291,353,77
1292,353,366
1293,353,511
1294,353,641
1295,353,503
1296,353,300
1297,353,203
1298,353,809
1299,353,465
1300,353,23
1301,353,174
1302,353,764
1303,353,187
1304,353,401
1305,353,332
1306,353,778
1307,353,333
1308,353,390
1309,353,311
1310,353,18
1311,353,167
1312,353,483
1313,353,529
1314,353,777
1315,353,717
1316,353,305
1317,353,279
1318,353,617
1319,353,55
1320,353,464
1321,353,232
1322,353,462
1323,353,752
1324,353,86
1325,353,379
1326,353,738
1327,353,258
1328,353,185
1329,353,750
1330,353,373
1331,353,275
1332,353,597
1333,353,142
1334,353,323
1335,353,508
1336,353,496
1337,353,317
1338,353,667
1339,353,83
1340,353,397
1341,353,244
1342,353,666
1343,353,424
1344,353,160
1345,353,330
1346,353,11
1347,353,436
1348,353,612
1349,353,128
1350,353,419
1351,353,68
1352,353,156
1353,759,215
1354,759,657
1355,759,538
1356,759,455
1357,130,157
1358,770,494
1359,770,243
1360,770,0
1361,739,350
1362,333,458
1363,333,99
1364,333,510
1365,333,431
1366,333,620
1367,333,90
1368,333,36
1369,333,611
1370,333,110
1371,333,416
1372,333,313
1373,333,608
1374,333,536
1375,333,85
1376,333,604
1377,333,328
1378,333,443
1379,333,729
1380,333,564
1381,333,188
1382,333,692
1383,333,266
1384,333,804
1385,333,598
1386,333,259
1387,333,504
1388,333,484
1389,333,371
1390,333,415
1391,333,13
1392,333,811
1393,333,338
1394,333,602
1395,333,773
1396,333,23
1397,333,764
1398,333,467
1399,333,607
1400,333,332
1401,333,759
1402,333,739
1403,333,192
1404,333,311
1405,333,89
1406,333,478
1407,333,24
1408,333,136
1409,333,730
1410,333,643
1411,333,337
1412,333,774
1413,333,61
1414,333,497
1415,333,755
1416,333,154
1417,333,137
1418,333,221
1419,333,625
1420,333,790
1421,333,735
1422,333,380
1423,333,260
1424,333,565
1425,333,532
1426,333,697
1427,333,249
1428,333,75
1429,333,222
1430,333,421
1431,333,17
1432,333,298
1433,333,566
1434,333,750
1435,333,442
1436,333,254
1437,333,542
1438,333,373
1439,333,12
1440,333,268
1441,333,496
1442,333,749
1443,333,50
1444,333,37
1445,333,273
1446,333,766
1447,333,792
1448,333,320
1449,333,552
1450,333,795
1451,333,238
1452,333,400
1453,333,96
1454,333,436
1455,606,313
1456,606,350
1457,725,198
1458,725,277
1459,725,300
1460,725,774
1461,725,761
1462,725,86
1463,725,373
1464,192,300
1465,311,487
1466,311,44
1467,311,436
1468,487,311
1469,483,374
1470,777,799
1471,777,374
1472,777,320
1473,529,799
1474,529,374
1475,529,320
1476,717,799
1477,717,374
1478,717,320
1479,689,436
1480,24,811
1481,24,350
1482,24,717
1483,24,263
1484,24,625
1485,24,455
1486,24,752
1487,171,729
1488,171,692
1489,171,259
1490,171,287
1491,171,79
1492,171,561
1493,171,71
1494,171,616
1495,171,727
1496,561,729
1497,561,692
1498,561,259
1499,561,287
1500,561,79
1501,561,171
1502,561,71
1503,561,616
1504,561,727
1505,561,301
1506,71,729
1507,71,692
1508,71,259
1509,71,287
1510,71,631
1511,71,79
1512,71,171
1513,71,561
1514,71,616
1515,71,727
1516,616,729
1517,616,692
1518,616,259
1519,616,371
1520,616,287
1521,616,79
1522,616,171
1523,616,561
1524,616,71
1525,616,727
1526,730,562
1527,730,564
1528,730,503
1529,730,109
1530,730,333
1531,730,589
1532,730,136
1533,730,643
1534,730,337
1535,730,774
1536,730,766
1537,730,320
1538,136,562
1539,136,564
1540,136,503
1541,136,109
1542,136,251
1543,136,525
1544,136,333
1545,136,589
1546,136,730
1547,136,643
1548,136,337
1549,136,774
1550,136,143
1551,136,137
1552,136,470
1553,136,83
1554,136,766
1555,136,320
1556,136,330
1557,643,562
1558,643,564
1559,643,503
1560,643,109
1561,643,333
1562,643,589
1563,643,136
1564,643,730
1565,643,337
1566,643,774
1567,643,766
1568,643,320
1569,337,562
1570,337,564
1571,337,503
1572,337,109
1573,337,333
1574,337,589
1575,337,136
1576,337,730
1577,337,643
1578,337,774
1579,337,766
1580,337,320
1581,411,700
1582,411,522
1583,411,189
1584,411,787
1585,411,737
1586,411,6
1587,411,280
1588,411,205
1589,411,203
1590,411,745
1591,411,802
1592,411,360
1593,411,624
1594,411,278
1595,411,253
1596,411,606
1597,411,311
1598,411,164
1599,411,343
1600,411,734
1601,411,755
1602,411,154
1603,411,540
1604,411,694
1605,411,78
1606,411,186
1607,411,385
1608,411,185
1609,411,769
1610,411,749
1611,411,286
1612,577,198
1613,577,529
1614,577,717
1615,577,493
1616,577,268
1617,577,160
1618,779,198
1619,263,319
1620,263,659
1621,263,811
1622,263,350
1623,263,24
1624,263,455
1625,263,752
1626,263,441
1627,290,39
1628,290,299
1629,290,374
1630,290,320
1631,774,562
1632,774,564
1633,774,198
1634,774,503
1635,774,460
1636,774,109
1637,774,251
1638,774,525
1639,774,725
1640,774,754
1641,774,589
1642,774,136
1643,774,730
1644,774,643
1645,774,337
1646,774,755
1647,774,137
1648,774,232
1649,774,470
1650,774,578
1651,774,83
1652,774,471
1653,774,320
1654,774,286
1655,15,393
1656,61,777
1657,61,320
1658,61,528
1659,761,313
1660,761,729
1661,761,198
1662,761,725
1663,761,260
1664,761,160
1665,495,519
1666,495,788
1667,495,787
1668,495,653
1669,495,751
1670,495,350
1671,495,525
1672,495,113
1673,495,87
1674,495,529
1675,495,717
1676,495,290
1677,495,119
1678,495,86
1679,495,750
1680,495,434
1681,497,702
1682,497,374
1683,497,119
1684,497,557
1685,497,86
1686,497,434
1687,497,261
1688,497,320
1689,497,432
1690,497,301
1691,497,160
1692,119,702
1693,119,495
1694,119,497
1695,119,557
1696,119,86
1697,119,26
1698,119,320
1699,453,39
1700,453,799
1701,453,374
1702,453,86
1703,453,432
1704,453,612
1705,446,777
1706,446,221
1707,446,240
1708,446,782
1709,446,237
1710,446,816
1711,446,652
1712,446,551
1713,446,586
1714,446,464
1715,446,567
1716,446,151
1717,446,517
1718,446,68
1719,135,755
1720,135,275
1721,135,268
1722,135,166
1723,388,393
1724,544,172
1725,544,235
1726,544,705
1727,544,226
1728,544,340
1729,544,79
1730,544,332
1731,544,717
1732,544,616
1733,544,305
1734,544,690
1735,544,240
1736,544,586
1737,544,296
1738,544,694
1739,544,740
1740,544,12
1741,544,161
1742,544,471
1743,544,19
1744,143,136
1745,143,330
1746,67,108
1747,509,476
1748,509,259
1749,509,727
1750,509,43
1751,509,238
1752,509,160
1753,638,268
1754,755,300
1755,755,774
1756,755,135
1757,755,284
1758,755,160
1759,540,350
1760,221,446
1761,240,99
1762,240,287
1763,240,14
1764,240,446
1765,240,268
1766,240,713
1767,782,300
1768,782,329
1769,782,716
1770,782,174
1771,782,446
1772,782,200
1773,782,816
1774,782,652
1775,782,551
1776,782,586
1777,782,464
1778,782,567
1779,782,151
1780,782,228
1781,782,179
1782,782,645
1783,782,667
1784,782,0
1785,782,184
1786,782,146
1787,782,273
1788,782,134
1789,782,672
1790,782,191
1791,782,247
1792,782,587
1793,782,265
1794,782,713
1795,237,446
1796,237,151
1797,816,329
1798,816,716
1799,816,174
1800,816,446
1801,816,200
1802,816,782
1803,816,652
1804,816,551
1805,816,586
1806,816,464
1807,816,567
1808,816,151
1809,816,228
1810,816,179
1811,816,645
1812,816,667
1813,816,0
1814,816,184
1815,816,146
1816,816,273
1817,816,134
1818,816,672
1819,816,191
1820,816,247
1821,816,587
1822,816,265
1823,816,713
1824,652,148
1825,652,329
1826,652,716
1827,652,174
1828,652,446
1829,652,200
1830,652,782
1831,652,816
1832,652,551
1833,652,586
1834,652,464
1835,652,567
1836,652,151
1837,652,228
1838,652,517
1839,652,179
1840,652,249
1841,652,351
1842,652,740
1843,652,645
1844,652,667
1845,652,0
1846,652,184
1847,652,146
1848,652,479
1849,652,273
1850,652,134
1851,652,672
1852,652,191
1853,652,247
1854,652,587
1855,652,265
1856,652,713
1857,652,68
1858,551,60
1859,551,329
1860,551,716
1861,551,174
1862,551,446
1863,551,200
1864,551,782
1865,551,816
1866,551,652
1867,551,586
1868,551,464
1869,551,567
1870,551,151
1871,551,228
1872,551,517
1873,551,179
1874,551,249
1875,551,75
1876,551,485
1877,551,351
1878,551,358
1879,551,740
1880,551,213
1881,551,645
1882,551,667
1883,551,0
1884,551,184
1885,551,146
1886,551,479
1887,551,273
1888,551,134
1889,551,672
1890,551,191
1891,551,247
1892,551,587
1893,551,265
1894,551,713
1895,551,68
1896,586,329
1897,586,716
1898,586,174
1899,586,446
1900,586,200
1901,586,782
1902,586,816
1903,586,652
1904,586,551
1905,586,464
1906,586,567
1907,586,151
1908,586,228
1909,586,179
1910,586,249
1911,586,108
1912,586,358
1913,586,645
1914,586,667
1915,586,0
1916,586,184
1917,586,146
1918,586,273
1919,586,134
1920,586,672
1921,586,191
1922,586,247
1923,586,587
1924,586,265
1925,586,713
1926,464,329
1927,464,716
1928,464,174
1929,464,446
1930,464,200
1931,464,782
1932,464,816
1933,464,652
1934,464,551
1935,464,586
1936,464,567
1937,464,151
1938,464,228
1939,464,517
1940,464,179
1941,464,645
1942,464,667
1943,464,0
1944,464,184
1945,464,146
1946,464,479
1947,464,273
1948,464,134
1949,464,672
1950,464,191
1951,464,247
1952,464,587
1953,464,265
1954,464,713
1955,464,68
1956,567,329
1957,567,716
1958,567,174
1959,567,732
1960,567,446
1961,567,200
1962,567,727
1963,567,782
1964,567,816
1965,567,652
1966,567,551
1967,567,586
1968,567,464
1969,567,151
1970,567,228
1971,567,179
1972,567,645
1973,567,667
1974,567,0
1975,567,184
1976,567,146
1977,567,273
1978,567,134
1979,567,672
1980,567,191
1981,567,247
1982,567,587
1983,567,265
1984,567,713
1985,567,720
1986,567,68
1987,151,329
1988,151,716
1989,151,174
1990,151,446
1991,151,200
1992,151,782
1993,151,237
1994,151,816
1995,151,652
1996,151,551
1997,151,586
1998,151,464
1999,151,567
2000,151,228
2001,151,179
2002,151,645
2003,151,667
2004,151,0
2005,151,184
2006,151,146
2007,151,273
2008,151,134
2009,151,672
2010,151,191
2011,151,247
2012,151,587
2013,151,265
2014,151,713
2015,228,329
2016,228,716
2017,228,174
2018,228,200
2019,228,782
2020,228,816
2021,228,652
2022,228,551
2023,228,586
2024,228,464
2025,228,567
2026,228,151
2027,228,517
2028,228,179
2029,228,645
2030,228,667
2031,228,0
2032,228,184
2033,228,146
2034,228,479
2035,228,273
2036,228,134
2037,228,672
2038,228,191
2039,228,247
2040,228,587
2041,228,265
2042,228,713
2043,228,68
2044,517,446
2045,517,727
2046,517,652
2047,517,551
2048,517,464
2049,517,228
2050,517,479
2051,455,287
2052,455,811
2053,455,631
2054,455,350
2055,455,759
2056,455,24
2057,455,263
2058,455,103
2059,455,727
2060,455,752
2061,455,322
2062,455,441
2063,455,157
2064,455,301
2065,752,287
2066,752,811
2067,752,350
2068,752,24
2069,752,263
2070,752,103
2071,752,727
2072,752,455
2073,752,95
2074,752,157
2075,322,729
2076,322,287
2077,322,631
2078,322,350
2079,322,455
2080,322,43
2081,322,627
2082,243,770
2083,393,659
2084,393,198
2085,393,657
2086,393,350
2087,393,15
2088,393,388
2089,179,174
2090,179,332
2091,179,782
2092,179,816
2093,179,652
2094,179,551
2095,179,586
2096,179,464
2097,179,567
2098,179,151
2099,179,228
2100,179,273
2101,179,134
2102,179,247
2103,179,587
2104,179,265
2105,179,713
2106,86,176
2107,86,519
2108,86,788
2109,86,207
2110,86,787
2111,86,653
2112,86,751
2113,86,635
2114,86,198
2115,557,99
2116,86,139
2117,86,39
2118,86,299
2119,86,594
2120,86,205
2121,86,647
2122,86,681
2123,86,350
2124,86,525
2125,86,538
2126,86,799
2127,86,374
2128,86,113
2129,86,353
2130,86,725
2131,86,483
2132,86,529
2133,86,777
2134,86,717
2135,86,577
2136,86,290
2137,86,497
2138,86,119
2139,86,453
2140,86,727
2141,86,557
2142,557,450
2143,86,566
2144,86,83
2145,86,434
2146,86,26
2147,86,44
2148,86,424
2149,86,160
2150,86,656
2151,557,207
2152,557,635
2153,557,319
2154,557,39
2155,557,205
2156,557,681
2157,557,325
2158,557,799
2159,557,765
2160,557,618
2161,557,61
2162,557,495
2163,557,497
2164,557,119
2165,557,453
2166,557,464
2167,557,260
2168,557,86
2169,557,750
2170,557,26
2171,557,261
2172,557,210
2173,557,666
2174,557,301
2175,557,655
2176,532,727
2177,810,286
2178,246,271
2179,441,206
2180,373,198
2181,373,725
2182,724,641
2183,724,95
2184,724,160
2185,275,245
2186,275,751
2187,275,198
2188,275,389
2189,275,711
2190,275,203
2191,275,98
2192,275,765
2193,275,347
2194,275,495
2195,275,135
2196,275,441
2197,275,153
2198,275,424
2199,284,755
2200,284,268
2201,284,166
2202,284,436
2203,470,350
2204,470,136
2205,470,774
2206,578,300
2207,578,774
2208,142,160
2209,16,43
2210,16,160
2211,769,198
2212,769,548
2213,769,529
2214,769,717
2215,769,411
2216,769,441
2217,769,43
2218,769,83
2219,769,627
2220,769,160
2221,769,466
2222,769,181
2223,43,198
2224,43,548
2225,43,605
2226,43,350
2227,43,529
2228,43,717
2229,43,509
2230,43,322
2231,43,16
2232,43,769
2233,43,83
2234,43,95
2235,43,210
2236,43,627
2237,43,34
2238,43,181
2239,268,510
2240,268,270
2241,268,469
2242,268,313
2243,268,659
2244,268,139
2245,268,548
2246,268,242
2247,268,277
2248,268,745
2249,268,631
2250,268,350
2251,268,474
2252,268,333
2253,268,135
2254,268,638
2255,268,240
2256,268,441
2257,268,284
2258,268,496
2259,268,650
2260,268,749
2261,268,26
2262,268,684
2263,268,301
2264,508,211
2265,508,631
2266,496,270
2267,496,277
2268,496,745
2269,496,353
2270,496,441
2271,496,268
2272,496,650
2273,496,749
2274,496,684
2275,496,19
2276,496,436
2277,650,270
2278,650,659
2279,650,441
2280,650,268
2281,650,496
2282,650,749
2283,650,684
2284,749,270
2285,749,659
2286,749,277
2287,749,441
2288,749,268
2289,749,496
2290,749,650
2291,749,684
2292,317,745
2293,317,353
2294,281,494
2295,173,645
2296,645,796
2297,645,174
2298,645,200
2299,645,727
2300,645,782
2301,645,816
2302,645,652
2303,645,551
2304,645,586
2305,645,464
2306,645,567
2307,645,151
2308,645,228
2309,645,173
2310,645,667
2311,645,0
2312,645,184
2313,645,146
2314,83,614
2315,83,207
2316,83,570
2317,83,77
2318,83,719
2319,83,521
2320,83,350
2321,83,48
2322,83,777
2323,83,717
2324,83,499
2325,83,136
2326,83,712
2327,83,774
2328,83,169
2329,83,755
2330,83,391
2331,83,625
2332,83,557
2333,83,86
2334,83,275
2335,83,769
2336,83,43
2337,83,397
2338,83,301
2339,83,330
2340,83,11
2341,271,246
2342,0,174
2343,0,770
2344,0,200
2345,0,782
2346,0,816
2347,0,652
2348,0,551
2349,0,586
2350,0,464
2351,0,567
2352,0,151
2353,0,228
2354,0,645
2355,0,667
2356,0,208
2357,0,184
2358,0,146
2359,0,679
2360,50,103
2361,208,0
2362,184,174
2363,184,200
2364,184,782
2365,184,816
2366,184,652
2367,184,551
2368,184,586
2369,184,464
2370,184,567
2371,184,151
2372,184,228
2373,184,645
2374,184,667
2375,184,0
2376,184,146
2377,146,174
2378,146,200
2379,146,782
2380,146,816
2381,146,652
2382,146,551
2383,146,586
2384,146,464
2385,146,567
2386,146,151
2387,146,228
2388,146,645
2389,146,667
2390,146,0
2391,146,184
2392,479,648
2393,479,91
2394,479,103
2395,479,652
2396,479,551
2397,479,464
2398,479,228
2399,479,517
2400,600,631
2401,603,99
2402,603,176
2403,603,614
2404,603,313
2405,603,178
2406,603,554
2407,603,239
2408,603,543
2409,603,635
2410,603,405
2411,603,6
2412,603,403
2413,603,198
2414,603,340
2415,603,444
2416,603,681
2417,603,718
2418,603,460
2419,603,30
2420,603,798
2421,603,454
2422,603,745
2423,603,809
2424,603,381
2425,603,602
2426,603,559
2427,603,553
2428,603,467
2429,603,253
2430,603,387
2431,603,32
2432,603,765
2433,603,618
2434,603,353
2435,603,529
2436,603,777
2437,603,717
2438,603,136
2439,603,263
2440,603,290
2441,603,4
2442,603,430
2443,603,240
2444,603,462
2445,603,393
2446,603,241
2447,603,530
2448,603,743
2449,603,397
2450,603,26
2451,603,95
2452,603,320
2453,603,336
2454,603,160
2455,603,576
2456,603,318
2457,603,255
2458,603,330
2459,603,585
2460,397,99
2461,397,614
2462,397,469
2463,397,150
2464,397,178
2465,397,239
2466,397,678
2467,397,543
2468,397,635
2469,397,729
2470,397,124
2471,397,405
2472,397,6
2473,397,403
2474,397,198
2475,397,340
2476,397,681
2477,397,242
2478,397,460
2479,397,30
2480,397,764
2481,397,359
2482,397,332
2483,397,253
2484,397,387
2485,397,14
2486,397,353
2487,397,473
2488,397,529
2489,397,777
2490,397,717
2491,397,290
2492,397,544
2493,397,240
2494,397,237
2495,397,246
2496,397,241
2497,397,335
2498,397,65
2499,397,43
2500,397,530
2501,397,603
2502,397,26
2503,397,627
2504,397,34
2505,397,424
2506,397,57
2507,397,676
2508,397,318
2509,397,11
2510,397,612
2511,26,178
2512,26,239
2513,26,405
2514,26,6
2515,26,403
2516,26,198
2517,26,340
2518,26,681
2519,26,460
2520,26,30
2521,26,253
2522,26,387
2523,26,14
2524,26,765
2525,26,353
2526,26,579
2527,26,119
2528,26,154
2529,26,241
2530,26,268
2531,26,530
2532,26,603
2533,26,397
2534,26,424
2535,449,631
2536,449,273
2537,449,344
2538,273,174
2539,273,782
2540,273,816
2541,273,652
2542,273,551
2543,273,586
2544,273,464
2545,273,567
2546,273,151
2547,273,228
2548,273,179
2549,273,449
2550,273,134
2551,273,247
2552,273,587
2553,273,265
2554,273,713
2555,134,174
2556,134,782
2557,134,816
2558,134,652
2559,134,551
2560,134,586
2561,134,464
2562,134,567
2563,134,151
2564,134,228
2565,134,179
2566,134,273
2567,134,344
2568,134,247
2569,134,587
2570,134,265
2571,134,713
2572,344,449
2573,344,134
2574,157,80
2575,157,287
2576,157,631
2577,157,130
2578,157,455
2579,157,752
2580,672,329
2581,672,716
2582,672,174
2583,672,782
2584,672,816
2585,672,652
2586,672,551
2587,672,586
2588,672,464
2589,672,567
2590,672,151
2591,672,228
2592,672,813
2593,672,191
2594,813,672
2595,813,191
2596,191,614
2597,191,329
2598,191,716
2599,191,174
2600,191,76
2601,191,782
2602,191,816
2603,191,652
2604,191,551
2605,191,586
2606,191,464
2607,191,567
2608,191,151
2609,191,228
2610,191,493
2611,191,672
2612,191,813
2613,125,200
2614,44,494
2615,44,311
2616,44,86
2617,44,160
2618,3,139
2619,153,277
2620,153,275
2621,153,301
2622,247,174
2623,247,782
2624,247,816
2625,247,652
2626,247,551
2627,247,586
2628,247,464
2629,247,567
2630,247,151
2631,247,228
2632,247,179
2633,247,273
2634,247,134
2635,247,587
2636,247,265
2637,247,713
2638,587,381
2639,587,174
2640,587,525
2641,587,782
2642,587,816
2643,587,652
2644,587,551
2645,587,586
2646,587,464
2647,587,567
2648,587,151
2649,587,228
2650,587,179
2651,587,273
2652,587,134
2653,587,247
2654,587,265
2655,587,713
2656,265,174
2657,265,525
2658,265,480
2659,265,4
2660,265,782
2661,265,816
2662,265,652
2663,265,551
2664,265,586
2665,265,464
2666,265,567
2667,265,151
2668,265,228
2669,265,179
2670,265,273
2671,265,134
2672,265,247
2673,265,587
2674,265,713
2675,713,308
2676,713,174
2677,713,240
2678,713,782
2679,713,816
2680,713,652
2681,713,551
2682,713,586
2683,713,464
2684,713,567
2685,713,151
2686,713,228
2687,713,179
2688,713,273
2689,713,134
2690,713,247
2691,713,587
2692,713,265
2693,679,0
2694,244,319
2695,244,253
2696,210,198
2697,210,657
2698,210,139
2699,210,350
2700,210,353
2701,210,206
2702,210,577
2703,210,43
2704,627,322
2705,627,769
2706,627,43
2707,34,644
2708,34,536
2709,34,601
2710,34,80
2711,34,681
2712,34,98
2713,34,463
2714,34,315
2715,34,544
2716,34,154
2717,34,688
2718,34,447
2719,34,385
2720,34,43
2721,34,184
2722,34,600
2723,34,436
2724,766,136
2725,766,730
2726,766,643
2727,766,337
2728,471,774
2729,432,495
2730,432,497
2731,432,453
2732,432,320
2733,432,568
2734,163,610
2735,684,270
2736,684,268
2737,684,496
2738,684,650
2739,684,749
2740,327,399
2741,238,215
2742,238,259
2743,238,509
2744,238,742
2745,238,166
2746,301,702
2747,301,270
2748,301,785
2749,301,226
2750,301,402
2751,301,198
2752,301,598
2753,301,259
2754,301,242
2755,301,511
2756,301,503
2757,301,460
2758,301,277
2759,301,631
2760,301,350
2761,301,525
2762,301,640
2763,301,332
2764,301,346
2765,301,728
2766,301,474
2767,301,777
2768,301,717
2769,301,561
2770,301,116
2771,301,497
2772,301,103
2773,301,755
2774,301,154
2775,301,625
2776,301,399
2777,301,232
2778,301,733
2779,301,455
2780,301,807
2781,301,740
2782,301,421
2783,301,185
2784,301,566
2785,301,275
2786,301,16
2787,301,142
2788,301,268
2789,301,83
2790,301,59
2791,301,600
2792,301,603
2793,301,37
2794,301,95
2795,301,153
2796,301,34
2797,301,341
2798,301,57
2799,301,160
2800,301,318
2801,301,514
2802,286,300
2803,286,774
2804,286,810
2805,295,729
2806,295,124
2807,295,160
2808,295,514
2809,204,300
2810,318,80
2811,318,314
2812,318,350
2813,96,141
2814,96,613
2815,96,112
2816,96,249
2817,96,75
2818,96,485
2819,96,736
2820,96,108
2821,96,10
2822,96,351
2823,96,358
2824,96,583
2825,96,740
2826,96,664
2827,96,22
2828,309,403
2829,309,577
2830,309,812
2831,330,716
2832,330,777
2833,330,136
2834,330,290
2835,330,143
2836,330,603
2837,819,399
2838,201,166
2839,19,496
2840,502,350
2841,466,769
2842,612,29
2843,612,718
2844,612,42
2845,612,453
2846,612,320
2847,419,172
2848,419,700
2849,419,801
2850,419,510
2851,419,620
2852,419,368
2853,419,349
2854,419,702
2855,419,469
2856,419,382
2857,419,372
2858,419,235
2859,419,524
2860,419,658
2861,419,671
2862,419,543
2863,419,29
2864,419,604
2865,419,269
2866,419,328
2867,419,215
2868,419,595
2869,419,264
2870,419,188
2871,419,47
2872,419,124
2873,419,291
2874,419,196
2875,419,648
2876,419,223
2877,419,435
2878,419,370
2879,419,202
2880,419,741
2881,419,365
2882,419,657
2883,419,80
2884,419,77
2885,419,520
2886,419,598
2887,419,548
2888,419,794
2889,419,504
2890,419,511
2891,419,460
2892,419,371
2893,419,375
2894,419,352
2895,419,277
2896,419,300
2897,419,45
2898,419,668
2899,419,465
2900,419,49
2901,419,773
2902,419,605
2903,419,764
2904,419,708
2905,419,525
2906,419,467
2907,419,303
2908,419,262
2909,419,79
2910,419,640
2911,419,607
2912,419,778
2913,419,538
2914,419,98
2915,419,345
2916,419,195
2917,419,725
2918,419,362
2919,419,89
2920,419,529
2921,419,777
2922,419,689
2923,419,348
2924,419,730
2925,419,643
2926,419,660
2927,419,411
2928,419,779
2929,419,315
2930,419,74
2931,419,290
2932,419,20
2933,419,677
2934,419,279
2935,419,774
2936,419,343
2937,419,100
2938,419,734
2939,419,555
2940,419,495
2941,419,497
2942,419,446
2943,419,103
2944,419,693
2945,419,518
2946,419,509
2947,419,638
2948,419,200
2949,419,408
2950,419,540
2951,419,498
2952,419,556
2953,419,221
2954,419,464
2955,419,625
2956,419,790
2957,419,28
2958,419,182
2959,419,40
2960,419,97
2961,419,685
2962,419,212
2963,419,233
2964,419,663
2965,419,493
2966,419,670
2967,419,260
2968,419,41
2969,419,565
2970,419,322
2971,419,243
2972,419,86
2973,419,810
2974,419,386
2975,419,249
2976,419,75
2977,419,289
2978,419,190
2979,419,573
2980,419,590
2981,419,149
2982,419,186
2983,419,736
2984,419,108
2985,419,358
2986,419,812
2987,419,664
2988,419,421
2989,419,425
2990,419,723
2991,419,335
2992,419,17
2993,419,445
2994,419,118
2995,419,433
2996,419,442
2997,419,373
2998,419,724
2999,419,284
3000,419,12
3001,419,786
3002,419,470
3003,419,16
3004,419,769
3005,419,43
3006,419,508
3007,419,650
3008,419,749
3009,419,173
3010,419,645
3011,419,383
3012,419,530
3013,419,434
3014,419,0
3015,419,600
3016,419,626
3017,419,95
3018,419,44
3019,419,133
3020,419,587
3021,419,713
3022,419,679
3023,419,244
3024,419,627
3025,419,766
3026,419,507
3027,419,684
3028,419,795
3029,419,155
3030,419,238
3031,419,304
3032,419,726
3033,419,256
3034,419,655
3035,419,160
3036,419,576
3037,419,204
3038,419,318
3039,419,96
3040,419,533
3041,419,255
3042,419,309
3043,419,94
3044,419,457
3045,419,819
3046,419,201
3047,419,166
3048,419,502
3049,419,104
3050,419,378
3051,419,585
3052,419,170
3053,419,128
3054,419,181
3055,419,656
3056,181,769
3057,181,43
3058,656,529
3059,656,86
3060,68,446
3061,68,727
3062,68,652
3063,68,551
3064,68,464
3065,68,567
3066,68,228
